<?xml version="1.0" encoding="UTF-8" ?>

<sqlMap namespace="admin">

    <statement id="selectAE">
		<![CDATA[
			SELECT 
				SERVICE_ID, ID, LABEL, IP, ONLINE, USE_YN, REG_DT, UPDT_DT
			FROM T_EXABUS_AE
			WHERE 
				SERVICE_ID = #SERVICE_ID#
		]]>
    </statement>
					
    <statement id="insertAE">
		<![CDATA[
			INSERT INTO T_EXABUS_AE (
					SERVICE_ID
					, ID
					, LABEL
					, USE_YN
					, REG_DT
				) 
			VALUES (
					#SERVICE_ID#
					, #ID#
					, #LABEL#
					, 'Y'
					, #REG_DT#
				)
		]]>
    </statement>

    <statement id="updateAE">
		<![CDATA[
			UPDATE T_EXABUS_AE
				SET 
					UPDT_DT = #UPDT_DT#
				<isNotNull prepend="," property="LABEL">
					LABEL = #LABEL#
				</isNotNull>
				<isNotNull prepend="," property="IP">
					IP = #IP#
				</isNotNull>
				<isNotNull prepend="," property="ONLINE">
					ONLINE = #ONLINE#
				</isNotNull>
				<isNotNull prepend="," property="USE_YN">
					USE_YN = #USE_YN#
				</isNotNull>
			WHERE 
				SERVICE_ID = #SERVICE_ID#
				AND ID = #ID#
		]]>
    </statement>

    <statement id="existsAETable">
		SELECT 1 FROM T_EXABUS_AE
    </statement>

    <statement id="createAETable">
		CREATE TABLE [T_EXABUS_AE](
			[SERVICE_ID] [varchar](20) NOT NULL,
			[ID] [varchar](20) NOT NULL,
			[LABEL] [varchar](200) NULL,
			[IP] [varchar](20) NULL,
			[ONLINE] [varchar](20) NULL,
			[USE_YN] [char](1) NOT NULL,
			[REG_DT] [datetime] NOT NULL,
			[UPDT_DT] [datetime] NULL,
		
			CONSTRAINT [PK_T_EXABUS_AE] PRIMARY KEY CLUSTERED 
			(
				[SERVICE_ID] ASC,
				[ID] ASC
			)WITH (PAD_INDEX  = OFF, STATISTICS_NORECOMPUTE  = OFF, IGNORE_DUP_KEY = OFF, ALLOW_ROW_LOCKS  = ON, ALLOW_PAGE_LOCKS  = ON) ON [PRIMARY]
		) ON [PRIMARY]
    </statement>

    <statement id="createAETableIdx1">
		CREATE NONCLUSTERED INDEX [IX_T_EXABUS_AE_USE_YN] ON [T_EXABUS_AE] 
		(
			[USE_YN]
		)WITH (PAD_INDEX  = OFF, STATISTICS_NORECOMPUTE  = OFF, SORT_IN_TEMPDB = OFF, IGNORE_DUP_KEY = OFF, DROP_EXISTING = OFF, ONLINE = OFF, ALLOW_ROW_LOCKS  = ON, ALLOW_PAGE_LOCKS  = ON) ON [PRIMARY]
    </statement>

</sqlMap>
