<?xml version="1.0" encoding="UTF-8" ?>
<sqlMap namespace="cronjob">

	<statement id="selectCronjobStat" resultClass="java.util.HashMap" parameterClass="java.util.Map">
    	<![CDATA[
			SELECT STAT, UPDT_DT FROM T_CRONJOB_STAT 
			WHERE 
				JOB_ID = #JOB_ID# 
    	]]>
			<isNotEmpty property="STAT">
				AND STAT = #STAT#
			</isNotEmpty>
    </statement>

	<statement id="insertCronjobStat" parameterClass="java.util.Map">
    	<![CDATA[
			INSERT INTO T_CRONJOB_STAT 
			(JOB_ID, STAT, UPDT_DT) 
			VALUES (#JOB_ID#, #STAT#, #UPDT_DT#)
    	]]>
    </statement>

	<statement id="updateCronjobStat" parameterClass="java.util.Map">
    	<![CDATA[
			UPDATE T_CRONJOB_STAT SET STAT = #STAT#, UPDT_DT = #UPDT_DT# WHERE JOB_ID = #JOB_ID#
    	]]>
    </statement>

	<statement id="checkCronjobTable" resultClass="java.util.HashMap" parameterClass="java.util.Map">
    	<![CDATA[
    		SELECT TOP 1 * FROM T_CRONJOB_STAT
    	]]>
    </statement>
    
	<statement id="createCronjobTable" parameterClass="java.util.Map">
    	<![CDATA[
			CREATE TABLE T_CRONJOB_STAT (
				JOB_ID VARCHAR(100),
				STAT VARCHAR(10),
				UPDT_DT DATETIME,
				CONSTRAINT PK_T_CRONJOB_STAT PRIMARY KEY (JOB_ID)
			)
    	]]>
    </statement>

</sqlMap>
