﻿<?xml version="1.0" encoding="UTF-8"?>

<beans>

	<bean id="config" class="elastic.util.xml.XmlReader" singleton="true">
		<constructor-arg>
			<File>${current.dir}/config.xml</File>
		</constructor-arg>
	</bean>
	
	<cronjob id="logRemover" class="elastic.util.beanmgr.bean.LogRemover">
		<timeTable>
			<daily>
				<hour>03</hour>
				<minute>00</minute>
			</daily>
		</timeTable>
		<constructor-arg>
			<String name="baseDir">${log.dir}</String>
			<String name="fileExtention">.log</String>
			<int name="maxDays">5</int>
		</constructor-arg>
	</cronjob>

	<bean id="outTableEnv" class="toms.exabus.service.outtable.bean.OutTableEnv" singleton="false">
		<constructor-arg>
			<String name="connPoolName">default</String>
			<String name="outMsgTable">T_EXABUS_OUT_MSG_H</String>
			<String name="outDstTable">T_EXABUS_OUT_DST_H</String>
			<int name="maxSendMsg">1000</int>
			<int name="maxSendCnt">0</int>
			<int name="maxAvailableMinutes">0</int>
			<int name="resendMinutes">10</int>
			<int name="maxDstTableRowsToClean">10000</int>
			<int name="maxMsgTableFetch">1000</int>
		</constructor-arg>
	</bean>
	
</beans>
