<?xml version="1.0" encoding="UTF-8"?>

<processMap>

	<!-- 
		Master Sender 
	-->
	<nosessionCronjobs>
		<cronjob class="toms.exabus.service.outtable.bean.OutMsgTableFetchCronjob">
			<timeTable>
				<period>
					<second>10</second>
				</period>
			</timeTable>
		</cronjob>
		<cronjob class="toms.exabus.service.outtable.bean.OutTableCleanerCronjob">
				<timeTable>
	<!-- 				<period> -->
	<!-- 					<minute>3</minute> -->
	<!-- 				</period> -->
	 				<daily>
	 					<hour>14</hour>
	 					<minute>00</minute>
	 				</daily>
	<!-- 				<weekly> -->
	<!-- 					SUN, MON, TUE, WED, THU, FRI, SAT -->
	<!-- 					<day>FRI</day> -->
	<!-- 					<hour>13</hour>  -->
	<!-- 					<minute>16</minute> -->
	<!-- 				</weekly> -->
	<!-- 				<monthly> -->
	<!-- 					number(1 ~ 31) or END -->
	<!-- 					<date>2</date> -->
	<!-- 					<hour>13</hour>  -->
	<!-- 					<minute>17</minute> -->
	<!-- 				</monthly> -->
	<!-- 				<yearly> -->
	<!-- 					1 ~ 12 -->
	<!-- 					<month>11</month> -->
	<!-- 					<date>2</date> -->
	<!-- 					<hour>13</hour>  -->
	<!-- 					<minute>18</minute> -->
	<!-- 				</yearly> -->
				</timeTable>
		</cronjob>
	</nosessionCronjobs>

	<sessionCronjobs>
		<cronjob class="toms.exabus.service.outtable.bean.OutTableSendCronjob">
			<timeTable>
				<period>
					<second>10</second>
				</period>
			</timeTable>
			<return messageType="outTableReq">
				<sentTrigger class="toms.exabus.service.outtable.bean.OutTableSendTrigger">
				</sentTrigger>
			</return>
		</cronjob>
		<cronjob class="toms.exabus.service.PingReqCronjob">
			<timeTable>
				<period>
					<second>60</second>
				</period>
			</timeTable>
			<return messageType="*">
			</return>
		</cronjob>
	</sessionCronjobs>

	<message messageType="outTableRes">
		<bean class="toms.exabus.service.outtable.bean.OutTableSendCronjob">
		</bean>
	</message>

</processMap>