<?xml version="1.0" encoding="UTF-8"?>
    
<beans>

	<bean id="sqlConnPoolConfig" class="elastic.util.xml.XmlReader" singleton="true">
		<constructor-arg>
			<File name="path">${current.dir}/sqlConnPool.xml</File>
		</constructor-arg>
	</bean>

	<bean id="sqlLogger" class="elastic.util.sqlmgr.log.DefaultSqlLogger" singleton="true">
		<constructor-arg>
			<props>
				<prop key="fileLevel">WRITE</prop> <!-- ALL > READ > WRITE > TRANSACTION > LIST > NONE -->
				<prop key="dbLevel">NONE</prop> <!-- ALL > READ > WRITE > TRANSACTION > LIST > NONE -->
				<prop key="maxResultRows">20</prop>
				<prop key="root">${log.dir}/sql</prop>
				<prop key="file">mtoms-exabus-sql.log</prop>
				<prop key="datePattern">.yyyy-MM-dd</prop>
				<prop key="encoding">UTF-8</prop>
				<!-- <prop key="layout">com.sdicons.json.log4j.JSONLayout</prop> -->
				<prop key="layout">org.apache.log4j.PatternLayout</prop>
				<prop key="layoutParams">ConversionPattern=[%d] %m%n</prop>
			</props>
		</constructor-arg>
	</bean>

	<bean id="sqlConnPoolMgr" class="elastic.util.sqlmgr.SqlConnPoolManager" singleton="true">
		<constructor-arg>
			<ref local="sqlConnPoolConfig" />
		</constructor-arg>
	</bean>

</beans>