<?xml version="1.0" encoding="UTF-8"?>

<beans>

	<bean id="mainConfig" class="msgrouter.engine.config.MainConfig" singleton="true">
		<constructor-arg>
			<File>${current.dir}/main.xml</File>
		</constructor-arg>
	</bean>
	
	<bean id="errorCodesFactory" class="elastic.util.util.ErrorCodesFactory" singleton="true">
	</bean>

	<bean id="exPropertiesFactory" class="elastic.util.util.ExPropertiesFactory" singleton="true">
	</bean>

	<bean id="fileResourceMgr" class="elastic.util.fileresource.FileResourceManager" singleton="true">
		<constructor-arg>
			<String name="baseDir">${current.dir}/../resource</String>
			<Map>
				<ref key=".err">errorCodesFactory</ref>
				<ref key=".properties">exPropertiesFactory</ref>
			</Map>
		</constructor-arg>
	</bean>

	<bean id="errorCodeMgr" class="elastic.util.util.ErrorCodeMgr" singleton="true">
		<constructor-arg>
			<ref local="fileResourceMgr" />
			<String name="fileResourceId">errorCodes.err</String>
		</constructor-arg>
	</bean>

</beans>
