<?xml version="1.0" encoding="UTF-8"?>
<containers>
	<!--
	    container type: socket, http, nosession
	    service type: server, client, nosession 
	 -->
	<container type="socket">
		<service type="server" 
			id="mstSender" 
			description="Master Sender(Listener)" 
			path="../service/mstSender" 
			classpath="../service/classes" />

		<service type="server" 
			id="ordRecver" 
			description="Order Recver(Listener)" 
			path="../service/ordRecver"
			classpath="../service/classes" />

		<service type="server" 
			id="toms1ExtOrdRecver" 
			description="TOMS 1.0 Ext Order Recver(Listener)" 
			path="../service/toms1ExtOrdRecver"
			classpath="../service/classes" />

		<service type="server" 
			id="toms1OrdRecver" 
			description="TOMS 1.0 Order Recver(Listener)" 
			path="../service/toms1OrdRecver"
			classpath="../service/classes" />
	</container>

<!-- 	<container type="nosession"> -->
<!-- 		<service type="nosession"  -->
<!-- 			id="app"  -->
<!-- 			description="Applications"  -->
<!-- 			path="../service/app  -->
<!-- 			classpath="../service/classes" /> -->
<!-- 	</container> -->
</containers>
