<?xml version="1.0" encoding="UTF-8"?>
<Config>

	<init>
		<locale>ko</locale>
		
		<log4jConfiguration>log4j.xml</log4jConfiguration>

		<beanConfiguration classpath="../lib/sqljdbc-jdk16.jar">
			bean-engine.xml
			bean-db.xml
		</beanConfiguration>
		
		<xmlEnv>
			<variable name="log.dir" value="E:/APP/logs/MTOMS/EXABUS" />

			<variable name="mstSender.port" value="7900" />
			<variable name="ordRecver.port" value="7901" />
			<variable name="toms1OrdRecver.port" value="7902" />
			<variable name="toms1ExtOrdRecver.port" value="7903" />
		
			<variable name="db.addr" value="71.2.20.59\TOMSE71DB" />
			<variable name="db.name" value="MTOMS" />
			<variable name="db.username" value="toms_mtoms" />
			<variable name="db.password" value="Toms!@#$" />
		</xmlEnv>
		
		<!-- xmlEnv>
			<variable name="log.dir" value="E:/UVIS_SEV_MDT_SERVER_log" />
			<variable name="file.dir" value="\\S1vis_emc\data\vis\tid_send" />

			<variable name="mdtserver.port" value="5021" />
			<variable name="cardserver.port" value="5018" />
		
			<variable name="db.addr" value="81.100.21.20:1433" />
			<variable name="db.name" value="Vehicle_System_Global" />
			<variable name="db.username" value="mobicar" />
			<variable name="db.password" value="mobiadm07" />
		</xmlEnv -->
	</init>
	
</Config>
