<?xml version="1.0" encoding="UTF-8" ?>
<!DOCTYPE log4j:configuration SYSTEM "log4j.dtd">
<log4j:configuration xmlns:log4j="http://jakarta.apache.org/log4j/">

	<appender name="CONSOLE" class="org.apache.log4j.ConsoleAppender">
		<param name="Target" value="System.out" />
		<layout class="org.apache.log4j.PatternLayout">
			<!-- param name="ConversionPattern" value="%d [%5p] %t %c{1} %F:%L %m%n"/ -->
			<param name="ConversionPattern" value="%d{ABSOLUTE} %-5p [%C:%L] %m%n" />
		</layout>
	</appender>

	<appender name="MAIN" class="org.apache.log4j.rolling.RollingFileAppender">
		<triggeringPolicy class="org.apache.log4j.rolling.SizeBasedTriggeringPolicy">
			<param name="MaxFileSize" value="10240000" />
		</triggeringPolicy>
		<rollingPolicy class="org.apache.log4j.rolling.TimeBasedRollingPolicy">
			<param name="FileNamePattern" value="${log.dir}/engine/server-%d{yyyy-MM-dd_HH_mm}.log" />
		</rollingPolicy>
		<param name="Append" value="true" />
		<layout class="org.apache.log4j.PatternLayout">
			<param name="ConversionPattern" value="%d{ABSOLUTE} %-5p [%C:%L][%t] %m%n" />
		</layout>
	</appender>

	<logger name="java.sql">
		<level value="INFO" />
	</logger>

	<root>
		<!-- ALL > TRACE > DEBUG > INFO > WARN > ERROR > FATAL > OFF -->
		<priority value="TRACE" />
		<!-- appender-ref ref="CONSOLE" / -->
		<appender-ref ref="MAIN" />
	</root>

</log4j:configuration>