<?xml version="1.0" encoding="UTF-8"?>
<Config>

	<sqlConnPools>
		<sqlConnPool name="default"> 
			<driverClassName>com.microsoft.sqlserver.jdbc.SQLServerDriver</driverClassName> 
 			<url>jdbc:sqlserver://${db.addr};DataBaseName=${db.name};SendStringParametersAsUnicode=TRUE</url>
			<userName>${db.username}</userName> 
			<password>${db.password}</password>
			<readOnly>false</readOnly> 
			<autoCommit>true</autoCommit> 
			<maxActive>50</maxActive> 
			<maxIdle>3</maxIdle> 
			<maxWait>1000</maxWait>
			
			<sqlLogger>sqlLogger</sqlLogger>
			
			<sqlMaps xml="sqlMaps.xml" />
		</sqlConnPool>
	</sqlConnPools>

</Config>