<?xml version="1.0" encoding="UTF-8"?>

<service>
	<elastic>
		<beanConfiguration classpath="../classes">
			config/bean.xml
		</beanConfiguration>
	</elastic>

	<sqlMaps sqlConnPool="default" xml="config/sqlMaps.xml" />
	
	<port>${ordRecver.port}</port>
	
	<routingTarget type="customId">
		<customId loginerClass="toms.exabus.service.MTomsLoginer" dupAlive="all" />
		<ipAddress/>
		<session/>
	</routingTarget>

	<connection>
		<props>
				<String key="encoding">UTF-8</String>
			<!-- recvTimeoutMillis: If more than 0 -->
				<int key="recvTimeoutMillis">30000</int>
		</props>
		<messageFactory class="msgrouter.adapter.json.JSONMessageFactory" />
		<messageRecver class="msgrouter.adapter.json.JSONRecver" />
		<messageSender class="msgrouter.adapter.json.JSONSender" />
	</connection>

	<minAcceptThrs>1</minAcceptThrs>
	<minTransferThrs>1</minTransferThrs>
	<maxSessionsPerTransferThr>1024</maxSessionsPerTransferThr>
	<minBeanThrs>1</minBeanThrs>
	<maxSessionsPerBeanThr>1024</maxSessionsPerBeanThr>

	<!-- 
		ServiceInitializer: 서비스가 구동하면서 초기에 한번 실행되는 클래스
	 -->
	<ServiceInitializer class="toms.exabus.service.MTomsServiceInitializer" />

	<!-- 
		SessionInitializer: Session(클라이언트 서버간의 연결)이 이루어질 때 초기에 한번 실행되는 클래스
	 -->
	<SessionInitializer class="toms.exabus.service.MTomSessionInitializer" />

	<!--
		 SessionCloser: Session(클라이언트 서버간의 연결)이 끊어질 때 한번 실행되는 클래스
	 -->
	<SessionCloser class="toms.exabus.service.MTomsSessionCloser" />
	
	<processMap xml="config/processMap.xml" />

	<!-- 통신연결별  Log 기록에 사용하는 설정 -->
	<!-- logPer: off, service, loginId -->
	<messageLogger logPer="loginId">
		<root>${log.dir}/packet</root>
		<datePattern>yyyy-MM-dd_HH_mm_ss</datePattern>
		<encoding>UTF-8</encoding>
		<layout>org.apache.log4j.PatternLayout</layout>
		<layoutParams>ConversionPattern=[%d] %m%n</layoutParams>
		<maxFileSize>10240000</maxFileSize>
	</messageLogger>

</service>
