<?xml version="1.0" encoding="UTF-8"?>

<processMap>

	<!-- 
		TOMS 1.0 Order Receiver
	-->
	<sessionCronjobs>
		<cronjob class="toms.exabus.service.PingReqCronjob">
			<timeTable>
				<period>
					<second>60</second>
				</period>
			</timeTable>
			<return messageType="*">
			</return>
		</cronjob>
	</sessionCronjobs>

	<message messageType="outTableReq">
		<bean class="toms.exabus.service.sql.bean.SqlExecutorBean">
			<return messageType="outTableRes">
			</return>
		</bean>
	</message>

</processMap>