<?xml version="1.0" encoding="UTF-8" ?>

<sqlMap namespace="outTable">

    <statement id="insertOutTable" >
			INSERT INTO $OUT_MSG_TABLE$ (
					DST_IDS
					, MSG_TYPE
					, MSG
					, ASSIGN_STAT
					, MSG_REG_DT
				)
			VALUES (
					#DST_IDS#
					, #MSG_TYPE#
					, #MSG#
					, #ASSIGN_STAT#
					, #MSG_REG_DT#
				)

		<selectKey keyProperty="SEQ_NO" resultClass="Integer"> 
			SELECT SCOPE_IDENTITY() 
		</selectKey> 
    </statement>

    <statement id="selectUnassignedOutMsg">
		<![CDATA[
			SELECT 
				TOP $MAX$
				SEQ_NO, DST_IDS, MSG_TYPE, MSG, ASSIGN_STAT, MSG_REG_DT 
			FROM $OUT_MSG_TABLE$ 
			WHERE 
				ASSIGN_STAT = #ASSIGN_STAT#
		]]>
    </statement>
					
    <statement id="updateMsgTableStat">
		<![CDATA[
			UPDATE $OUT_MSG_TABLE$
				SET 
					ASSIGN_STAT = #ASSIGN_STAT#
			WHERE 
				SEQ_NO = #SEQ_NO#
		]]>
    </statement>

    <statement id="insertDstTable">
		<![CDATA[
			INSERT INTO $OUT_DST_TABLE$ (
					SEQ_NO
					, DST_ID
					, DST_REG_DT
					, STAT
				)
			VALUES (
					#SEQ_NO#
					, #DST_ID#
					, #DST_REG_DT#
					, #STAT#
				)
		]]>
    </statement>
		
    <statement id="selectMsgToSend">
		<![CDATA[
			SELECT 
				TOP $MAX$
				MSG.MSG_TYPE AS MSG_TYPE
				, MSG.MSG AS MSG
				, MSG.MSG_REG_DT AS MSG_REG_DT
				, DST.SEQ_NO AS SEQ_NO
				, DST.DST_ID AS DST_ID
				, DST.STAT AS STAT
				, DST.DST_REG_DT AS DST_REG_DT 
			FROM $OUT_MSG_TABLE$ MSG (NOLOCK)
			INNER JOIN $OUT_DST_TABLE$ DST (NOLOCK)
				ON MSG.SEQ_NO = DST.SEQ_NO
			WHERE 
				(
					DST.STAT = #STAT_INIT# 
					OR (
						DST.STAT NOT IN (#STAT_PROC#, #STAT_SUCC#, #STAT_FAIL#) 
						AND DST.SENT_DT < #RESEND_DT#
					)
				)
		<dynamic>
			<isNotNull prepend="AND" property="DST_ID">
				DST.DST_ID = #DST_ID#
			</isNotNull>
		</dynamic>
		]]>
    </statement>

    <statement id="setOldMsgToFail">
		<![CDATA[
			UPDATE $OUT_DST_TABLE$
				SET 
					STAT = #STAT_FAIL#
					, ERR_CD = CASE WHEN SENT_CNT >= #MAX_SEND_CNT# THEN #ERR_CD_MAX_SEND# ELSE #ERR_CD_TIMEOUT# END
					, ERR_MSG = CASE WHEN SENT_CNT >= #MAX_SEND_CNT# THEN #ERR_MSG_MAX_SEND# ELSE #ERR_MSG_TIMEOUT# END
			WHERE 
				STAT NOT IN (#STAT_SUCC#, #STAT_FAIL#) 
				AND (1<>1
		<dynamic>
			<isNotNull prepend="OR" property="TIMEOUT_DT">
						DST_REG_DT < #TIMEOUT_DT#
			</isNotNull>
			<isNotNull prepend="OR" property="MAX_SEND_CNT">
						SENT_CNT >= #MAX_SEND_CNT#
			</isNotNull>
		</dynamic>
					)
		]]>
    </statement>

    <statement id="setProcessing">
		<![CDATA[
			UPDATE $OUT_DST_TABLE$
				SET 
					STAT = #STAT#
			WHERE SEQ_NO = #SEQ_NO#
				AND DST_ID = #DST_ID#
		]]>
    </statement>

    <statement id="setSent">
		<![CDATA[
			UPDATE $OUT_DST_TABLE$
				SET 
					STAT = #STAT#
					, SENT_CNT = ISNULL(SENT_CNT, 0) + 1
					, SENT_DT = #SENT_DT#
			WHERE SEQ_NO = #SEQ_NO#
				AND DST_ID = #DST_ID#
		<dynamic>
			<isNotEmpty property="STAT_PROC">
				AND STAT = #STAT_PROC#
			</isNotEmpty>
		</dynamic>
		]]>
    </statement>

    <statement id="selectSeqNoByBakSeqNo">
		<![CDATA[
			SELECT
				SEQ_NO 
			FROM $OUT_MSG_TABLE$ 
			WHERE 
				BAK_SEQ_NO = #BAK_SEQ_NO#
		]]>
    </statement>

    <statement id="setDstStatByRecvMsg">
		<![CDATA[
			UPDATE $OUT_DST_TABLE$
				SET 
					STAT = #STAT#
					, RECV_DT = #RECV_DT#
					, ERR_CD = #ERR_CD#
					, ERR_MSG = #ERR_MSG#
			WHERE SEQ_NO = #SEQ_NO#
				AND DST_ID = #DST_ID#
		]]>
    </statement>
    
    <statement id="selectDst">
		<![CDATA[
			SELECT 
				DST_ID, STAT, DST_REG_DT, SENT_CNT, SENT_DT, ERR_CD, ERR_MSG 
			FROM $OUT_DST_TABLE$ 
			WHERE SEQ_NO = #SEQ_NO#
				AND DST_ID = #DST_ID#
		]]>
    </statement>
    
    <statement id="countDstRow">
    	SELECT COUNT(*) AS DST_ROW_CNT FROM $OUT_DST_TABLE$
    </statement>

    <statement id="dropOutMsgTablePK">
    	alter table $OUT_MSG_TABLE$ drop constraint PK_$OUT_MSG_TABLE$
    </statement>

    <statement id="dropOutMsgTableIdx1">
    	drop index $OUT_MSG_TABLE$.IX_$OUT_MSG_TABLE$_ASSIGN_STAT
    </statement>

    <statement id="dropOutMsgTableIdx2">
    	drop index $OUT_MSG_TABLE$.IX_$OUT_MSG_TABLE$_MSG_REG_DT
    </statement>

    <statement id="renameOutMsgTable">
    	EXEC sp_rename $OUT_MSG_TABLE$, $OUT_MSG_TABLE$_$BAK_SN$
    </statement>

    <statement id="dropOutDstTablePK">
    	alter table $OUT_DST_TABLE$ drop constraint PK_$OUT_DST_TABLE$
    </statement>

    <statement id="dropOutDstTableFK">
    	alter table $OUT_DST_TABLE$ drop constraint FK_$OUT_DST_TABLE$_$OUT_MSG_TABLE$
    </statement>

    <statement id="dropOutDstTableIdx1">
    	drop index $OUT_DST_TABLE$.IX_$OUT_DST_TABLE$_STAT
    </statement>

    <statement id="dropOutDstTableIdx2">
    	drop index $OUT_DST_TABLE$.IX_$OUT_DST_TABLE$_SENT_DT
    </statement>

    <statement id="dropOutDstTableIdx3">
    	drop index $OUT_DST_TABLE$.IX_$OUT_DST_TABLE$_DST_REG_DT
    </statement>

    <statement id="renameOutDstTable">
    	EXEC sp_rename $OUT_DST_TABLE$, $OUT_DST_TABLE$_$BAK_SN$
    </statement>

    <statement id="createOutMsgTable">
		CREATE TABLE [$OUT_MSG_TABLE$](
			[SEQ_NO] [int] IDENTITY(1,1) NOT NULL,
			[DST_IDS] [varchar](max) NOT NULL,
			[MSG_TYPE] [varchar](20) NOT NULL,
			[MSG] [varchar](max) NOT NULL,
			[MSG_REG_DT] [datetime] NOT NULL,
			[ASSIGN_STAT] [char](1) NOT NULL,
			[BAK_SEQ_NO] [int] NULL,
			
			CONSTRAINT [PK_$OUT_MSG_TABLE$] PRIMARY KEY CLUSTERED 
			(
				[SEQ_NO] ASC
			)WITH (PAD_INDEX  = OFF, STATISTICS_NORECOMPUTE  = OFF, IGNORE_DUP_KEY = OFF, ALLOW_ROW_LOCKS  = ON, ALLOW_PAGE_LOCKS  = ON) ON [PRIMARY]
		) ON [PRIMARY]
    </statement>

    <statement id="createOutMsgTableIdx1">
		CREATE NONCLUSTERED INDEX [IX_$OUT_MSG_TABLE$_ASSIGN_STAT] ON [$OUT_MSG_TABLE$] 
		(
			[ASSIGN_STAT] ASC
		)WITH (PAD_INDEX  = OFF, STATISTICS_NORECOMPUTE  = OFF, SORT_IN_TEMPDB = OFF, IGNORE_DUP_KEY = OFF, DROP_EXISTING = OFF, ONLINE = OFF, ALLOW_ROW_LOCKS  = ON, ALLOW_PAGE_LOCKS  = ON) ON [PRIMARY]
    </statement>

    <statement id="createOutMsgTableIdx2">
		CREATE NONCLUSTERED INDEX [IX_$OUT_MSG_TABLE$_MSG_REG_DT] ON [$OUT_MSG_TABLE$] 
		(
			[MSG_REG_DT] ASC
		)WITH (PAD_INDEX  = OFF, STATISTICS_NORECOMPUTE  = OFF, SORT_IN_TEMPDB = OFF, IGNORE_DUP_KEY = OFF, DROP_EXISTING = OFF, ONLINE = OFF, ALLOW_ROW_LOCKS  = ON, ALLOW_PAGE_LOCKS  = ON) ON [PRIMARY]
    </statement>

    <statement id="existsOutMsgTable">
		SELECT 1 FROM $OUT_MSG_TABLE$
    </statement>

    <statement id="existsOutDstTable">
		SELECT 1 FROM $OUT_DST_TABLE$
    </statement>

    <statement id="createOutDstTable">
		CREATE TABLE [$OUT_DST_TABLE$](
			[SEQ_NO] [int] NOT NULL,
			[DST_ID] [varchar](20) NOT NULL,
			[DST_REG_DT] [datetime] NOT NULL,
			[STAT] [char](1) NOT NULL,
			[SENT_CNT] [int] NULL,
			[SENT_DT] [datetime] NULL,
			[RECV_DT] [datetime] NULL,
			[ERR_CD] [varchar](20) NULL,
			[ERR_MSG] [varchar](200) NULL,
		
			CONSTRAINT [PK_$OUT_DST_TABLE$] PRIMARY KEY CLUSTERED 
			(
				[SEQ_NO] ASC,
				[DST_ID] ASC
			)WITH (PAD_INDEX  = OFF, STATISTICS_NORECOMPUTE  = OFF, IGNORE_DUP_KEY = OFF, ALLOW_ROW_LOCKS  = ON, ALLOW_PAGE_LOCKS  = ON) ON [PRIMARY],
			
			CONSTRAINT [FK_$OUT_DST_TABLE$_$OUT_MSG_TABLE$] FOREIGN KEY([SEQ_NO]) REFERENCES [$OUT_MSG_TABLE$] ([SEQ_NO])
		) ON [PRIMARY]
    </statement>


    <statement id="createOutDstTableIdx1">
		CREATE NONCLUSTERED INDEX [IX_$OUT_DST_TABLE$_STAT] ON [$OUT_DST_TABLE$] 
		(
			[STAT] ASC
		)WITH (PAD_INDEX  = OFF, STATISTICS_NORECOMPUTE  = OFF, SORT_IN_TEMPDB = OFF, IGNORE_DUP_KEY = OFF, DROP_EXISTING = OFF, ONLINE = OFF, ALLOW_ROW_LOCKS  = ON, ALLOW_PAGE_LOCKS  = ON) ON [PRIMARY]
    </statement>

    <statement id="createOutDstTableIdx2">
		CREATE NONCLUSTERED INDEX [IX_$OUT_DST_TABLE$_SENT_DT] ON [$OUT_DST_TABLE$] 
		(
			[SENT_DT] ASC
		)WITH (PAD_INDEX  = OFF, STATISTICS_NORECOMPUTE  = OFF, SORT_IN_TEMPDB = OFF, IGNORE_DUP_KEY = OFF, DROP_EXISTING = OFF, ONLINE = OFF, ALLOW_ROW_LOCKS  = ON, ALLOW_PAGE_LOCKS  = ON) ON [PRIMARY]
    </statement>

    <statement id="createOutDstTableIdx3">
		CREATE NONCLUSTERED INDEX [IX_$OUT_DST_TABLE$_DST_REG_DT] ON [$OUT_DST_TABLE$] 
		(
			[DST_REG_DT] ASC
		)WITH (PAD_INDEX  = OFF, STATISTICS_NORECOMPUTE  = OFF, SORT_IN_TEMPDB = OFF, IGNORE_DUP_KEY = OFF, DROP_EXISTING = OFF, ONLINE = OFF, ALLOW_ROW_LOCKS  = ON, ALLOW_PAGE_LOCKS  = ON) ON [PRIMARY]
    </statement>

    <statement id="selectRestoreMsg">
		<![CDATA[
			SELECT 
				TOP 1000
				BAK_MSG.SEQ_NO AS BAK_SEQ_NO
				, BAK_MSG.DST_IDS AS DST_IDS
				, BAK_MSG.MSG_TYPE AS MSG_TYPE
				, BAK_MSG.MSG AS MSG
				, BAK_MSG.MSG_REG_DT AS MSG_REG_DT
				, BAK_MSG.ASSIGN_STAT AS ASSIGN_STAT
				, BAK_DST.DST_ID AS DST_ID
				, BAK_DST.DST_REG_DT AS DST_REG_DT 
				, BAK_DST.STAT AS STAT
				, BAK_DST.SENT_CNT AS SENT_CNT
				, BAK_DST.SENT_DT AS SENT_DT
				, BAK_DST.RECV_DT AS RECV_DT
				, BAK_DST.ERR_CD AS ERR_CD
				, BAK_DST.ERR_MSG AS ERR_MSG
			FROM $OUT_MSG_TABLE$_$BAK_SN$ BAK_MSG 
			LEFT OUTER JOIN $OUT_DST_TABLE$_$BAK_SN$ BAK_DST
				ON BAK_MSG.SEQ_NO = BAK_DST.SEQ_NO
			WHERE 
				BAK_MSG.ASSIGN_STAT = #ASSIGN_STAT_INIT#
				OR (
					BAK_MSG.ASSIGN_STAT = #ASSIGN_STAT_ASSIGN#
					AND BAK_DST.STAT NOT IN (#STAT_BACK#, #STAT_SUCC#, #STAT_FAIL#)
				)
		]]>
    </statement>

    <statement id="insertRestoreMsg" >
			INSERT INTO $OUT_MSG_TABLE$ (
					DST_IDS
					, MSG_TYPE
					, MSG
					, ASSIGN_STAT
					, MSG_REG_DT
					, BAK_SEQ_NO
				)
			VALUES (
					#DST_IDS#
					, #MSG_TYPE#
					, #MSG#
					, #ASSIGN_STAT#
					, #MSG_REG_DT#
					, #BAK_SEQ_NO#
				)

		<selectKey keyProperty="SEQ_NO" resultClass="Integer"> 
			SELECT SCOPE_IDENTITY() 
		</selectKey> 
    </statement>

    <statement id="insertRestoreDst">
		<![CDATA[
			INSERT INTO $OUT_DST_TABLE$ (
					SEQ_NO
					, DST_ID
					, DST_REG_DT
					, STAT
					, SENT_CNT
					, SENT_DT
					, RECV_DT
					, ERR_CD
					, ERR_MSG
				)
			VALUES (
					#SEQ_NO#
					, #DST_ID#
					, #DST_REG_DT#
					, #STAT#
					, #SENT_CNT#
					, #SENT_DT#
					, #RECV_DT#
					, #ERR_CD#
					, #ERR_MSG#
				)
		]]>
    </statement>

    <statement id="updateBakMsgTableStat">
		<![CDATA[
			UPDATE $OUT_MSG_TABLE$_$BAK_SN$
				SET 
					ASSIGN_STAT = #ASSIGN_STAT_BACK#
			WHERE 
				SEQ_NO = #BAK_SEQ_NO#
		]]>
    </statement>

    <statement id="updateBakDstTableStat">
		<![CDATA[
			UPDATE $OUT_DST_TABLE$_$BAK_SN$
				SET 
					STAT = #STAT_BACK#
			WHERE 
				SEQ_NO = #BAK_SEQ_NO#
				AND DST_ID = #DST_ID#
		]]>
    </statement>

</sqlMap>
